Region,Retailer,Store,Range
"Australian Capital Territory","Forty Winks","Forty Winks Fyshwick","Miracoil Classic"
"Australian Capital Territory","Forty Winks","Forty Winks Fyshwick","Together Alone"
"Australian Capital Territory","Forty Winks","Forty Winks Fyshwick","Miracoil Advance"
"New South Wales","Forty Winks","Forty Winks Albury","Miracoil Classic"
"New South Wales","Forty Winks","Forty Winks Albury","Together Alone"
"New South Wales","Forty Winks","Forty Winks Albury","Miracoil Advance"
"New South Wales","Forty Winks","Forty Winks Alexandria","Miracoil Classic"
"New South Wales","Forty Winks","Forty Winks Alexandria","Together Alone"
"New South Wales","Forty Winks","Forty Winks Alexandria","Miracoil Advance"
"New South Wales","Forty Winks","Forty Winks Armidale","Miracoil Classic"
"New South Wales","Forty Winks","Forty Winks Armidale","Together Alone"
"New South Wales","Forty Winks","Forty Winks Armidale","Miracoil Advance"
"New South Wales","Forty Winks","Forty Winks Auburn","Miracoil Classic"
"New South Wales","Forty Winks","Forty Winks Auburn","Together Alone"
"New South Wales","Forty Winks","Forty Winks Auburn","Miracoil Advance"
"New South Wales","Forty Winks","Forty Winks Ballina","Miracoil Classic"
"New South Wales","Forty Winks","Forty Winks Ballina","Together Alone"
"New South Wales","Forty Winks","Forty Winks Ballina","Miracoil Advance"
"New South Wales","Forty Winks","Forty Winks Bankstown","Miracoil Classic"
"New South Wales","Forty Winks","Forty Winks Bankstown","Together Alone"
"New South Wales","Forty Winks","Forty Winks Bankstown","Miracoil Advance"
"New South Wales","Forty Winks","Forty Winks Bennetts Green","Miracoil Classic"
"New South Wales","Forty Winks","Forty Winks Bennetts Green","Together Alone"
"New South Wales","Forty Winks","Forty Winks Bennetts Green","Miracoil Advance"
"New South Wales","Forty Winks","Forty Winks Campbelltown","Miracoil Classic"
"New South Wales","Forty Winks","Forty Winks Campbelltown","Together Alone"
"New South Wales","Forty Winks","Forty Winks Campbelltown","Miracoil Advance"
"New South Wales","Forty Winks","Forty Winks Caringbah","Miracoil Classic"
"New South Wales","Forty Winks","Forty Winks Caringbah","Together Alone"
"New South Wales","Forty Winks","Forty Winks Caringbah","Miracoil Advance"
"New South Wales","Forty Winks","Forty Winks Castle Hill","Miracoil Classic"
"New South Wales","Forty Winks","Forty Winks Castle Hill","Together Alone"
"New South Wales","Forty Winks","Forty Winks Castle Hill","Miracoil Advance"
"New South Wales","Forty Winks","Forty Winks Coffs Harbour","Miracoil Classic"
"New South Wales","Forty Winks","Forty Winks Coffs Harbour","Together Alone"
"New South Wales","Forty Winks","Forty Winks Coffs Harbour","Miracoil Advance"
"New South Wales","Forty Winks","Forty Winks Crows Nest","Miracoil Classic"
"New South Wales","Forty Winks","Forty Winks Crows Nest","Together Alone"
"New South Wales","Forty Winks","Forty Winks Crows Nest","Miracoil Advance"
"New South Wales","Forty Winks","Forty Winks Dubbo","Miracoil Classic"
"New South Wales","Forty Winks","Forty Winks Dubbo","Together Alone"
"New South Wales","Forty Winks","Forty Winks Dubbo","Miracoil Advance"
"New South Wales","Forty Winks","Forty Winks Erina","Miracoil Classic"
"New South Wales","Forty Winks","Forty Winks Erina","Together Alone"
"New South Wales","Forty Winks","Forty Winks Erina","Miracoil Advance"
"New South Wales","Forty Winks","Forty Winks Forster","Miracoil Classic"
"New South Wales","Forty Winks","Forty Winks Forster","Together Alone"
"New South Wales","Forty Winks","Forty Winks Forster","Miracoil Advance"
"New South Wales","Forty Winks","Forty Winks Hornsby","Miracoil Classic"
"New South Wales","Forty Winks","Forty Winks Hornsby","Together Alone"
"New South Wales","Forty Winks","Forty Winks Hornsby","Miracoil Advance"
"New South Wales","Forty Winks","Forty Winks Kotara","Miracoil Classic"
"New South Wales","Forty Winks","Forty Winks Kotara","Together Alone"
"New South Wales","Forty Winks","Forty Winks Kotara","Miracoil Advance"
"New South Wales","Forty Winks","Forty Winks Liverpool","Miracoil Classic"
"New South Wales","Forty Winks","Forty Winks Liverpool","Together Alone"
"New South Wales","Forty Winks","Forty Winks Liverpool","Miracoil Advance"
"New South Wales","Forty Winks","Forty Winks Manly Vale","Miracoil Classic"
"New South Wales","Forty Winks","Forty Winks Manly Vale","Together Alone"
"New South Wales","Forty Winks","Forty Winks Manly Vale","Miracoil Advance"
"New South Wales","Forty Winks","Forty Winks Nowra","Miracoil Classic"
"New South Wales","Forty Winks","Forty Winks Nowra","Together Alone"
"New South Wales","Forty Winks","Forty Winks Nowra","Miracoil Advance"
"New South Wales","Forty Winks","Forty Winks Penrith","Miracoil Classic"
"New South Wales","Forty Winks","Forty Winks Penrith","Together Alone"
"New South Wales","Forty Winks","Forty Winks Penrith","Miracoil Advance"
"New South Wales","Forty Winks","Forty Winks Port Macquarie","Miracoil Classic"
"New South Wales","Forty Winks","Forty Winks Port Macquarie","Together Alone"
"New South Wales","Forty Winks","Forty Winks Port Macquarie","Miracoil Advance"
"New South Wales","Forty Winks","Forty Winks Rutherford (Maitland)","Miracoil Classic"
"New South Wales","Forty Winks","Forty Winks Rutherford (Maitland)","Together Alone"
"New South Wales","Forty Winks","Forty Winks Rutherford (Maitland)","Miracoil Advance"
"New South Wales","Forty Winks","Forty Winks Tamworth","Miracoil Classic"
"New South Wales","Forty Winks","Forty Winks Tamworth","Together Alone"
"New South Wales","Forty Winks","Forty Winks Tamworth","Miracoil Advance"
"New South Wales","Forty Winks","Forty Winks Tweed Heads","Miracoil Classic"
"New South Wales","Forty Winks","Forty Winks Tweed Heads","Together Alone"
"New South Wales","Forty Winks","Forty Winks Tweed Heads","Miracoil Advance"
"New South Wales","Forty Winks","Forty Winks Wagga Wagga","Miracoil Classic"
"New South Wales","Forty Winks","Forty Winks Wagga Wagga","Together Alone"
"New South Wales","Forty Winks","Forty Winks Wagga Wagga","Miracoil Advance"
"New South Wales","Forty Winks","Forty Winks Warrawong","Miracoil Classic"
"New South Wales","Forty Winks","Forty Winks Warrawong","Together Alone"
"New South Wales","Forty Winks","Forty Winks Warrawong","Miracoil Advance"
"New South Wales","Forty Winks","Forty Winks Young","Miracoil Classic"
"New South Wales","Forty Winks","Forty Winks Young","Together Alone"
"New South Wales","Forty Winks","Forty Winks Young","Miracoil Advance"
"New South Wales","Forty Winks","Forty Winks Grafton","Miracoil Classic"
"New South Wales","Forty Winks","Forty Winks Grafton","Together Alone"
"New South Wales","Forty Winks","Forty Winks Grafton","Miracoil Advance"
"New South Wales","Forty Winks","Forty Winks Manly Vale","Miracoil Classic"
"New South Wales","Forty Winks","Forty Winks Manly Vale","Together Alone"
"New South Wales","Forty Winks","Forty Winks Manly Vale","Miracoil Advance"
"Northern Territory","Forty Winks","Forty Winks Darwin","Miracoil Classic"
"Northern Territory","Forty Winks","Forty Winks Darwin","Together Alone"
"Northern Territory","Forty Winks","Forty Winks Darwin","Miracoil Advance"
Queensland,"Forty Winks","Forty Winks Aspley","Miracoil Classic"
Queensland,"Forty Winks","Forty Winks Aspley","Together Alone"
Queensland,"Forty Winks","Forty Winks Aspley","Miracoil Advance"
Queensland,"Forty Winks","Forty Winks Bundall","Miracoil Classic"
Queensland,"Forty Winks","Forty Winks Bundall","Together Alone"
Queensland,"Forty Winks","Forty Winks Bundall","Miracoil Advance"
Queensland,"Forty Winks","Forty Winks Cairns","Miracoil Classic"
Queensland,"Forty Winks","Forty Winks Cairns","Together Alone"
Queensland,"Forty Winks","Forty Winks Cairns","Miracoil Advance"
Queensland,"Forty Winks","Forty Winks Capalaba","Miracoil Classic"
Queensland,"Forty Winks","Forty Winks Capalaba","Together Alone"
Queensland,"Forty Winks","Forty Winks Capalaba","Miracoil Advance"
Queensland,"Forty Winks","Forty Winks Fortitude Valley","Miracoil Classic"
Queensland,"Forty Winks","Forty Winks Fortitude Valley","Together Alone"
Queensland,"Forty Winks","Forty Winks Fortitude Valley","Miracoil Advance"
Queensland,"Forty Winks","Forty Winks Hervey Bay","Miracoil Classic"
Queensland,"Forty Winks","Forty Winks Hervey Bay","Together Alone"
Queensland,"Forty Winks","Forty Winks Hervey Bay","Miracoil Advance"
Queensland,"Forty Winks","Forty Winks Jindalee","Miracoil Classic"
Queensland,"Forty Winks","Forty Winks Jindalee","Together Alone"
Queensland,"Forty Winks","Forty Winks Jindalee","Miracoil Advance"
Queensland,"Forty Winks","Forty Winks Kawana","Miracoil Classic"
Queensland,"Forty Winks","Forty Winks Kawana","Together Alone"
Queensland,"Forty Winks","Forty Winks Kawana","Miracoil Advance"
Queensland,"Forty Winks","Forty Winks Loganholme","Miracoil Classic"
Queensland,"Forty Winks","Forty Winks Loganholme","Together Alone"
Queensland,"Forty Winks","Forty Winks Loganholme","Miracoil Advance"
Queensland,"Forty Winks","Forty Winks Macgregor","Miracoil Classic"
Queensland,"Forty Winks","Forty Winks Macgregor","Together Alone"
Queensland,"Forty Winks","Forty Winks Macgregor","Miracoil Advance"
Queensland,"Forty Winks","Forty Winks Morayfield","Miracoil Classic"
Queensland,"Forty Winks","Forty Winks Morayfield","Together Alone"
Queensland,"Forty Winks","Forty Winks Morayfield","Miracoil Advance"
Queensland,"Forty Winks","Forty Winks Noosaville","Miracoil Classic"
Queensland,"Forty Winks","Forty Winks Noosaville","Together Alone"
Queensland,"Forty Winks","Forty Winks Noosaville","Miracoil Advance"
Queensland,"Forty Winks","Forty Winks Toowoomba","Miracoil Classic"
Queensland,"Forty Winks","Forty Winks Toowoomba","Together Alone"
Queensland,"Forty Winks","Forty Winks Toowoomba","Miracoil Advance"
Queensland,"Forty Winks","Forty Winks Townsville","Miracoil Classic"
Queensland,"Forty Winks","Forty Winks Townsville","Together Alone"
Queensland,"Forty Winks","Forty Winks Townsville","Miracoil Advance"
Queensland,"Forty Winks","Forty Winks Bundaberg","Miracoil Classic"
Queensland,"Forty Winks","Forty Winks Bundaberg","Together Alone"
Queensland,"Forty Winks","Forty Winks Bundaberg","Miracoil Advance"
Queensland,"Forty Winks","Forty Winks Mackay",Lifestyle
"South Australia","Forty Winks","Forty Winks Gepps Cross","Miracoil Classic"
"South Australia","Forty Winks","Forty Winks Gepps Cross","Together Alone"
"South Australia","Forty Winks","Forty Winks Gepps Cross","Miracoil Advance"
"South Australia","Forty Winks","Forty Winks Mile End","Miracoil Classic"
"South Australia","Forty Winks","Forty Winks Mile End","Together Alone"
"South Australia","Forty Winks","Forty Winks Mile End","Miracoil Advance"
"South Australia","Forty Winks","Forty Winks Mt Gambier","Miracoil Classic"
"South Australia","Forty Winks","Forty Winks Mt Gambier","Together Alone"
"South Australia","Forty Winks","Forty Winks Mt Gambier","Miracoil Advance"
"South Australia","Forty Winks","Forty Winks Munno Para","Miracoil Classic"
"South Australia","Forty Winks","Forty Winks Munno Para","Together Alone"
"South Australia","Forty Winks","Forty Winks Munno Para","Miracoil Advance"
Tasmania,"Forty Winks","Forty Winks Hobart","Miracoil Classic"
Tasmania,"Forty Winks","Forty Winks Hobart","Together Alone"
Tasmania,"Forty Winks","Forty Winks Hobart","Miracoil Advance"
Tasmania,"Forty Winks","Forty Winks Launceston","Miracoil Classic"
Tasmania,"Forty Winks","Forty Winks Launceston","Together Alone"
Tasmania,"Forty Winks","Forty Winks Launceston","Miracoil Advance"
Tasmania,"Forty Winks","Forty Winks Cambridge","Miracoil Classic"
Tasmania,"Forty Winks","Forty Winks Cambridge","Together Alone"
Tasmania,"Forty Winks","Forty Winks Cambridge","Miracoil Advance"
Victoria,"Forty Winks","Forty Winks Ballarat","Miracoil Classic"
Victoria,"Forty Winks","Forty Winks Ballarat","Together Alone"
Victoria,"Forty Winks","Forty Winks Ballarat","Miracoil Advance"
Victoria,"Forty Winks","Forty Winks Bendigo","Miracoil Classic"
Victoria,"Forty Winks","Forty Winks Bendigo","Together Alone"
Victoria,"Forty Winks","Forty Winks Bendigo","Miracoil Advance"
Victoria,"Forty Winks","Forty Winks Brighton","Miracoil Classic"
Victoria,"Forty Winks","Forty Winks Brighton","Together Alone"
Victoria,"Forty Winks","Forty Winks Brighton","Miracoil Advance"
Victoria,"Forty Winks","Forty Winks Cheltenham","Miracoil Classic"
Victoria,"Forty Winks","Forty Winks Cheltenham","Together Alone"
Victoria,"Forty Winks","Forty Winks Cheltenham","Miracoil Advance"
Victoria,"Forty Winks","Forty Winks Chirnside Park","Miracoil Classic"
Victoria,"Forty Winks","Forty Winks Chirnside Park","Together Alone"
Victoria,"Forty Winks","Forty Winks Chirnside Park","Miracoil Advance"
Victoria,"Forty Winks","Forty Winks Dandenong","Miracoil Classic"
Victoria,"Forty Winks","Forty Winks Dandenong","Together Alone"
Victoria,"Forty Winks","Forty Winks Dandenong","Miracoil Advance"
Victoria,"Forty Winks","Forty Winks Echuca","Miracoil Classic"
Victoria,"Forty Winks","Forty Winks Echuca","Together Alone"
Victoria,"Forty Winks","Forty Winks Echuca","Miracoil Advance"
Victoria,"Forty Winks","Forty Winks Eltham","Miracoil Classic"
Victoria,"Forty Winks","Forty Winks Eltham","Together Alone"
Victoria,"Forty Winks","Forty Winks Eltham","Miracoil Advance"
Victoria,"Forty Winks","Forty Winks Fitzroy","Miracoil Classic"
Victoria,"Forty Winks","Forty Winks Fitzroy","Together Alone"
Victoria,"Forty Winks","Forty Winks Fitzroy","Miracoil Advance"
Victoria,"Forty Winks","Forty Winks Frankston","Miracoil Classic"
Victoria,"Forty Winks","Forty Winks Frankston","Together Alone"
Victoria,"Forty Winks","Forty Winks Frankston","Miracoil Advance"
Victoria,"Forty Winks","Forty Winks Geelong","Miracoil Classic"
Victoria,"Forty Winks","Forty Winks Geelong","Together Alone"
Victoria,"Forty Winks","Forty Winks Geelong","Miracoil Advance"
Victoria,"Forty Winks","Forty Winks Hawthorn","Miracoil Classic"
Victoria,"Forty Winks","Forty Winks Hawthorn","Together Alone"
Victoria,"Forty Winks","Forty Winks Hawthorn","Miracoil Advance"
Victoria,"Forty Winks","Forty Winks Highpoint","Miracoil Classic"
Victoria,"Forty Winks","Forty Winks Highpoint","Together Alone"
Victoria,"Forty Winks","Forty Winks Highpoint","Miracoil Advance"
Victoria,"Forty Winks","Forty Winks Hoppers Crossing","Miracoil Classic"
Victoria,"Forty Winks","Forty Winks Hoppers Crossing","Together Alone"
Victoria,"Forty Winks","Forty Winks Hoppers Crossing","Miracoil Advance"
Victoria,"Forty Winks","Forty Winks Horsham","Miracoil Classic"
Victoria,"Forty Winks","Forty Winks Horsham","Together Alone"
Victoria,"Forty Winks","Forty Winks Horsham","Miracoil Advance"
Victoria,"Forty Winks","Forty Winks Knox","Miracoil Classic"
Victoria,"Forty Winks","Forty Winks Knox","Together Alone"
Victoria,"Forty Winks","Forty Winks Knox","Miracoil Advance"
Victoria,"Forty Winks","Forty Winks Mildura","Miracoil Classic"
Victoria,"Forty Winks","Forty Winks Mildura","Together Alone"
Victoria,"Forty Winks","Forty Winks Mildura","Miracoil Advance"
Victoria,"Forty Winks","Forty Winks Mornington","Miracoil Classic"
Victoria,"Forty Winks","Forty Winks Mornington","Together Alone"
Victoria,"Forty Winks","Forty Winks Mornington","Miracoil Advance"
Victoria,"Forty Winks","Forty Winks Narre Warren","Miracoil Classic"
Victoria,"Forty Winks","Forty Winks Narre Warren","Together Alone"
Victoria,"Forty Winks","Forty Winks Narre Warren","Miracoil Advance"
Victoria,"Forty Winks","Forty Winks Northland","Miracoil Classic"
Victoria,"Forty Winks","Forty Winks Northland","Together Alone"
Victoria,"Forty Winks","Forty Winks Northland","Miracoil Advance"
Victoria,"Forty Winks","Forty Winks Nunawading","Miracoil Classic"
Victoria,"Forty Winks","Forty Winks Nunawading","Together Alone"
Victoria,"Forty Winks","Forty Winks Nunawading","Miracoil Advance"
Victoria,"Forty Winks","Forty Winks Prahran","Miracoil Classic"
Victoria,"Forty Winks","Forty Winks Prahran","Together Alone"
Victoria,"Forty Winks","Forty Winks Prahran","Miracoil Advance"
Victoria,"Forty Winks","Forty Winks Prahran",Lifestyle
Victoria,"Forty Winks","Forty Winks Shepparton","Miracoil Classic"
Victoria,"Forty Winks","Forty Winks Shepparton","Together Alone"
Victoria,"Forty Winks","Forty Winks Shepparton","Miracoil Advance"
Victoria,"Forty Winks","Forty Winks Sunbury","Miracoil Classic"
Victoria,"Forty Winks","Forty Winks Sunbury","Together Alone"
Victoria,"Forty Winks","Forty Winks Sunbury","Miracoil Advance"
Victoria,"Forty Winks","Forty Winks Swan Hill","Miracoil Classic"
Victoria,"Forty Winks","Forty Winks Swan Hill","Together Alone"
Victoria,"Forty Winks","Forty Winks Swan Hill","Miracoil Advance"
Victoria,"Forty Winks","Forty Winks Thomastown","Miracoil Classic"
Victoria,"Forty Winks","Forty Winks Thomastown","Together Alone"
Victoria,"Forty Winks","Forty Winks Thomastown","Miracoil Advance"
Victoria,"Forty Winks","Forty Winks Traralgon","Miracoil Classic"
Victoria,"Forty Winks","Forty Winks Traralgon","Together Alone"
Victoria,"Forty Winks","Forty Winks Traralgon","Miracoil Advance"
Victoria,"Forty Winks","Forty Winks Wangaratta","Miracoil Classic"
Victoria,"Forty Winks","Forty Winks Wangaratta","Together Alone"
Victoria,"Forty Winks","Forty Winks Wangaratta","Miracoil Advance"
Victoria,"Forty Winks","Forty Winks Warrnambool","Miracoil Classic"
Victoria,"Forty Winks","Forty Winks Warrnambool","Together Alone"
Victoria,"Forty Winks","Forty Winks Warrnambool","Miracoil Advance"
Victoria,"Forty Winks","Forty Winks Watergardens","Miracoil Classic"
Victoria,"Forty Winks","Forty Winks Watergardens","Together Alone"
Victoria,"Forty Winks","Forty Winks Watergardens","Miracoil Advance"
Victoria,"Forty Winks","Forty Winks Springvale","Miracoil Classic"
Victoria,"Forty Winks","Forty Winks Springvale","Together Alone"
Victoria,"Forty Winks","Forty Winks Springvale","Miracoil Advance"
"Western Australia","Forty Winks","Forty Winks Bunbury","Miracoil Classic"
"Western Australia","Forty Winks","Forty Winks Bunbury","Together Alone"
"Western Australia","Forty Winks","Forty Winks Bunbury","Miracoil Advance"
"Western Australia","Forty Winks","Forty Winks Busselton","Miracoil Classic"
"Western Australia","Forty Winks","Forty Winks Busselton","Together Alone"
"Western Australia","Forty Winks","Forty Winks Busselton","Miracoil Advance"
"Western Australia","Forty Winks","Forty Winks Cannington","Miracoil Classic"
"Western Australia","Forty Winks","Forty Winks Cannington","Together Alone"
"Western Australia","Forty Winks","Forty Winks Cannington","Miracoil Advance"
"Western Australia","Forty Winks","Forty Winks Cockburn","Miracoil Classic"
"Western Australia","Forty Winks","Forty Winks Cockburn","Together Alone"
"Western Australia","Forty Winks","Forty Winks Cockburn","Miracoil Advance"
"Western Australia","Forty Winks","Forty Winks Geraldton","Miracoil Classic"
"Western Australia","Forty Winks","Forty Winks Geraldton","Together Alone"
"Western Australia","Forty Winks","Forty Winks Geraldton","Miracoil Advance"
"Western Australia","Forty Winks","Forty Winks Joondalup","Miracoil Classic"
"Western Australia","Forty Winks","Forty Winks Joondalup","Together Alone"
"Western Australia","Forty Winks","Forty Winks Joondalup","Miracoil Advance"
"Western Australia","Forty Winks","Forty Winks Malaga","Miracoil Classic"
"Western Australia","Forty Winks","Forty Winks Malaga","Together Alone"
"Western Australia","Forty Winks","Forty Winks Malaga","Miracoil Advance"
"Western Australia","Forty Winks","Forty Winks Melville","Miracoil Classic"
"Western Australia","Forty Winks","Forty Winks Melville","Together Alone"
"Western Australia","Forty Winks","Forty Winks Melville","Miracoil Advance"
"Western Australia","Forty Winks","Forty Winks Midland","Miracoil Classic"
"Western Australia","Forty Winks","Forty Winks Midland","Together Alone"
"Western Australia","Forty Winks","Forty Winks Midland","Miracoil Advance"
"Western Australia","Forty Winks","Forty Winks Osborne Park","Miracoil Classic"
"Western Australia","Forty Winks","Forty Winks Osborne Park","Together Alone"
"Western Australia","Forty Winks","Forty Winks Osborne Park","Miracoil Advance"
